"Bestand","Type","Status","HTMLWeergave"
".github\workflows\validate.yml",".yml","HTML-codeweergave gemaakt; origineel behouden","pages/.github_workflows_validate.yml.html"
"app\__init__.py",".py","HTML-codeweergave gemaakt; origineel behouden","pages/app___init__.py.html"
"app\core\__init__.py",".py","HTML-codeweergave gemaakt; origineel behouden","pages/app_core___init__.py.html"
"app\core\config.py",".py","HTML-codeweergave gemaakt; origineel behouden","pages/app_core_config.py.html"
"app\core\powershell.py",".py","HTML-codeweergave gemaakt; origineel behouden","pages/app_core_powershell.py.html"
"app\server.py",".py","HTML-codeweergave gemaakt; origineel behouden","pages/app_server.py.html"
"app\services\__init__.py",".py","HTML-codeweergave gemaakt; origineel behouden","pages/app_services___init__.py.html"
"app\services\architecture_service.py",".py","HTML-codeweergave gemaakt; origineel behouden","pages/app_services_architecture_service.py.html"
"app\services\connectivity_service.py",".py","HTML-codeweergave gemaakt; origineel behouden","pages/app_services_connectivity_service.py.html"
"app\services\evidence_service.py",".py","HTML-codeweergave gemaakt; origineel behouden","pages/app_services_evidence_service.py.html"
"app\services\guest_contract_service.py",".py","HTML-codeweergave gemaakt; origineel behouden","pages/app_services_guest_contract_service.py.html"
"app\services\health_service.py",".py","HTML-codeweergave gemaakt; origineel behouden","pages/app_services_health_service.py.html"
"app\services\inter_vm_validation_service.py",".py","HTML-codeweergave gemaakt; origineel behouden","pages/app_services_inter_vm_validation_service.py.html"
"app\services\lab_definition.py",".py","HTML-codeweergave gemaakt; origineel behouden","pages/app_services_lab_definition.py.html"
"app\services\lab_evidence_service.py",".py","HTML-codeweergave gemaakt; origineel behouden","pages/app_services_lab_evidence_service.py.html"
"app\services\lab_lifecycle_service.py",".py","HTML-codeweergave gemaakt; origineel behouden","pages/app_services_lab_lifecycle_service.py.html"
"app\services\network_service.py",".py","HTML-codeweergave gemaakt; origineel behouden","pages/app_services_network_service.py.html"
"app\services\orchestrator_service.py",".py","HTML-codeweergave gemaakt; origineel behouden","pages/app_services_orchestrator_service.py.html"
"app\services\readiness_service.py",".py","HTML-codeweergave gemaakt; origineel behouden","pages/app_services_readiness_service.py.html"
"app\services\storage_service.py",".py","HTML-codeweergave gemaakt; origineel behouden","pages/app_services_storage_service.py.html"
"app\services\verification_service.py",".py","HTML-codeweergave gemaakt; origineel behouden","pages/app_services_verification_service.py.html"
"app\services\virtualbox_incident_store.py",".py","HTML-codeweergave gemaakt; origineel behouden","pages/app_services_virtualbox_incident_store.py.html"
"app\services\virtualbox_telemetry_service.py",".py","HTML-codeweergave gemaakt; origineel behouden","pages/app_services_virtualbox_telemetry_service.py.html"
"app\services\virtualization_service.py",".py","HTML-codeweergave gemaakt; origineel behouden","pages/app_services_virtualization_service.py.html"
"app\services\vm_service.py",".py","HTML-codeweergave gemaakt; origineel behouden","pages/app_services_vm_service.py.html"
"app\ui\__init__.py",".py","HTML-codeweergave gemaakt; origineel behouden","pages/app_ui___init__.py.html"
"config\lab-config.json",".json","HTML-codeweergave gemaakt; origineel behouden","pages/config_lab-config.json.html"
"config\simulation\incident-state.json",".json","HTML-codeweergave gemaakt; origineel behouden","pages/config_simulation_incident-state.json.html"
"data\virtualbox_incidents.json",".json","HTML-codeweergave gemaakt; origineel behouden","pages/data_virtualbox_incidents.json.html"
"docs\ARCHITECTURE.md",".md","HTML-weergave gemaakt; origineel behouden","pages/docs_ARCHITECTURE.md.html"
"docs\configuration.md",".md","HTML-weergave gemaakt; origineel behouden","pages/docs_configuration.md.html"
"docs\evidence.md",".md","HTML-weergave gemaakt; origineel behouden","pages/docs_evidence.md.html"
"docs\installation.md",".md","HTML-weergave gemaakt; origineel behouden","pages/docs_installation.md.html"
"docs\LAB_BUILD_PLAN.md",".md","HTML-weergave gemaakt; origineel behouden","pages/docs_LAB_BUILD_PLAN.md.html"
"docs\management.md",".md","HTML-weergave gemaakt; origineel behouden","pages/docs_management.md.html"
"docs\monitoring.md",".md","HTML-weergave gemaakt; origineel behouden","pages/docs_monitoring.md.html"
"docs\REMAINING_SYSTEM_BUILD.md",".md","HTML-weergave gemaakt; origineel behouden","pages/docs_REMAINING_SYSTEM_BUILD.md.html"
"docs\runbook.md",".md","HTML-weergave gemaakt; origineel behouden","pages/docs_runbook.md.html"
"docs\software-lab-scope.md",".md","HTML-weergave gemaakt; origineel behouden","pages/docs_software-lab-scope.md.html"
"docs\virtual-network.md",".md","HTML-weergave gemaakt; origineel behouden","pages/docs_virtual-network.md.html"
"docs\vm-storage.md",".md","HTML-weergave gemaakt; origineel behouden","pages/docs_vm-storage.md.html"
"powershell\configure\Get-NetworkConfiguration.ps1",".ps1","HTML-codeweergave gemaakt; origineel behouden","pages/powershell_configure_Get-NetworkConfiguration.ps1.html"
"powershell\configure\Get-NetworkLabState.ps1",".ps1","HTML-codeweergave gemaakt; origineel behouden","pages/powershell_configure_Get-NetworkLabState.ps1.html"
"powershell\configure\README.md",".md","HTML-weergave gemaakt; origineel behouden","pages/powershell_configure_README.md.html"
"powershell\configure\Set-NetworkLabBaseline.ps1",".ps1","HTML-codeweergave gemaakt; origineel behouden","pages/powershell_configure_Set-NetworkLabBaseline.ps1.html"
"powershell\diagnostics\Get-NetworkLabWebHealth.ps1",".ps1","HTML-codeweergave gemaakt; origineel behouden","pages/powershell_diagnostics_Get-NetworkLabWebHealth.ps1.html"
"powershell\diagnostics\Invoke-NetworkLabDiagnostics.ps1",".ps1","HTML-codeweergave gemaakt; origineel behouden","pages/powershell_diagnostics_Invoke-NetworkLabDiagnostics.ps1.html"
"powershell\diagnostics\Invoke-NetworkLabHealthCheck.ps1",".ps1","HTML-codeweergave gemaakt; origineel behouden","pages/powershell_diagnostics_Invoke-NetworkLabHealthCheck.ps1.html"
"powershell\diagnostics\README.md",".md","HTML-weergave gemaakt; origineel behouden","pages/powershell_diagnostics_README.md.html"
"powershell\diagnostics\Test-NetworkLabConfiguration.ps1",".ps1","HTML-codeweergave gemaakt; origineel behouden","pages/powershell_diagnostics_Test-NetworkLabConfiguration.ps1.html"
"powershell\diagnostics\Test-NetworkLabConnectivity.ps1",".ps1","HTML-codeweergave gemaakt; origineel behouden","pages/powershell_diagnostics_Test-NetworkLabConnectivity.ps1.html"
"powershell\install\Initialize-NetworkLab.ps1",".ps1","HTML-codeweergave gemaakt; origineel behouden","pages/powershell_install_Initialize-NetworkLab.ps1.html"
"powershell\install\README.md",".md","HTML-weergave gemaakt; origineel behouden","pages/powershell_install_README.md.html"
"powershell\manage\Get-NetworkLabEvidence.ps1",".ps1","HTML-codeweergave gemaakt; origineel behouden","pages/powershell_manage_Get-NetworkLabEvidence.ps1.html"
"powershell\manage\Get-NetworkLabHealth.ps1",".ps1","HTML-codeweergave gemaakt; origineel behouden","pages/powershell_manage_Get-NetworkLabHealth.ps1.html"
"powershell\manage\Get-NetworkLabProcesses.ps1",".ps1","HTML-codeweergave gemaakt; origineel behouden","pages/powershell_manage_Get-NetworkLabProcesses.ps1.html"
"powershell\manage\Get-NetworkLabServices.ps1",".ps1","HTML-codeweergave gemaakt; origineel behouden","pages/powershell_manage_Get-NetworkLabServices.ps1.html"
"powershell\manage\Get-NetworkLabState.ps1",".ps1","HTML-codeweergave gemaakt; origineel behouden","pages/powershell_manage_Get-NetworkLabState.ps1.html"
"powershell\manage\Get-NetworkLabWebEvidence.ps1",".ps1","HTML-codeweergave gemaakt; origineel behouden","pages/powershell_manage_Get-NetworkLabWebEvidence.ps1.html"
"powershell\manage\README.md",".md","HTML-weergave gemaakt; origineel behouden","pages/powershell_manage_README.md.html"
"powershell\manage\Start-NetworkLabMonitoringFeed.ps1",".ps1","HTML-codeweergave gemaakt; origineel behouden","pages/powershell_manage_Start-NetworkLabMonitoringFeed.ps1.html"
"python\diagnostics\network_diagnostics.py",".py","HTML-codeweergave gemaakt; origineel behouden","pages/python_diagnostics_network_diagnostics.py.html"
"python\diagnostics\README.md",".md","HTML-weergave gemaakt; origineel behouden","pages/python_diagnostics_README.md.html"
"python\monitoring\network_monitor.py",".py","HTML-codeweergave gemaakt; origineel behouden","pages/python_monitoring_network_monitor.py.html"
"python\monitoring\README.md",".md","HTML-weergave gemaakt; origineel behouden","pages/python_monitoring_README.md.html"
"python\monitoring\run_monitor.py",".py","HTML-codeweergave gemaakt; origineel behouden","pages/python_monitoring_run_monitor.py.html"
"python\monitoring\system_monitor.py",".py","HTML-codeweergave gemaakt; origineel behouden","pages/python_monitoring_system_monitor.py.html"
"python\reporting\generate_report.py",".py","HTML-codeweergave gemaakt; origineel behouden","pages/python_reporting_generate_report.py.html"
"python\reporting\README.md",".md","HTML-weergave gemaakt; origineel behouden","pages/python_reporting_README.md.html"
"python\reporting\write_report.py",".py","HTML-codeweergave gemaakt; origineel behouden","pages/python_reporting_write_report.py.html"
"README.md",".md","HTML-weergave gemaakt; origineel behouden","pages/README.md.html"
"requirements.txt",".txt","HTML-codeweergave gemaakt; origineel behouden","pages/requirements.txt.html"
"Run-NetworkLab.ps1",".ps1","HTML-codeweergave gemaakt; origineel behouden","pages/Run-NetworkLab.ps1.html"
"tests\connectivity\README.md",".md","HTML-weergave gemaakt; origineel behouden","pages/tests_connectivity_README.md.html"
"tests\connectivity\Test-Connectivity.ps1",".ps1","HTML-codeweergave gemaakt; origineel behouden","pages/tests_connectivity_Test-Connectivity.ps1.html"
"tests\incidents\Invoke-NetworkLabIncidentSimulation.ps1",".ps1","HTML-codeweergave gemaakt; origineel behouden","pages/tests_incidents_Invoke-NetworkLabIncidentSimulation.ps1.html"
"tests\infrastructure\README.md",".md","HTML-weergave gemaakt; origineel behouden","pages/tests_infrastructure_README.md.html"
"tests\infrastructure\test_architecture.py",".py","HTML-codeweergave gemaakt; origineel behouden","pages/tests_infrastructure_test_architecture.py.html"
"tests\infrastructure\test_guest_contracts.py",".py","HTML-codeweergave gemaakt; origineel behouden","pages/tests_infrastructure_test_guest_contracts.py.html"
"tests\infrastructure\test_inter_vm_validation.py",".py","HTML-codeweergave gemaakt; origineel behouden","pages/tests_infrastructure_test_inter_vm_validation.py.html"
"tests\infrastructure\test_lab_evidence.py",".py","HTML-codeweergave gemaakt; origineel behouden","pages/tests_infrastructure_test_lab_evidence.py.html"
"tests\infrastructure\test_lab_lifecycle.py",".py","HTML-codeweergave gemaakt; origineel behouden","pages/tests_infrastructure_test_lab_lifecycle.py.html"
"tests\infrastructure\test_virtualbox_telemetry.py",".py","HTML-codeweergave gemaakt; origineel behouden","pages/tests_infrastructure_test_virtualbox_telemetry.py.html"
"tests\infrastructure\Test-Infrastructure.ps1",".ps1","HTML-codeweergave gemaakt; origineel behouden","pages/tests_infrastructure_Test-Infrastructure.ps1.html"
"tests\network\README.md",".md","HTML-weergave gemaakt; origineel behouden","pages/tests_network_README.md.html"
"tests\network\Test-NetworkConfiguration.ps1",".ps1","HTML-codeweergave gemaakt; origineel behouden","pages/tests_network_Test-NetworkConfiguration.ps1.html"
"web\app.css",".css","HTML-codeweergave gemaakt; origineel behouden","pages/web_app.css.html"
"web\app.js",".js","HTML-codeweergave gemaakt; origineel behouden","pages/web_app.js.html"
"web\index.html",".html","Bestaande HTML - rechtstreeks gelinkt","../web/index.html"
"docs\\incident-simulation.md",".md","Documentatiebron toegevoegd; handmatig gedocumenteerd",""
"docs\\network-topology.html",".html","Handmatige HTML-netwerktekening met inline SVG","../network-topology.html"
"docs\\b1-k2-w1-w2-evidence.md",".md","Bewijsmatrix toegevoegd; controleer officiële beoordelingsrubric",""
